,song_id
5f76f1d4597ec91c6fe1c4ad,4
5f76f1d4597ec91c6fe1c490,4
5f76f1d4597ec91c6fe1c481,3
5f76f1d4597ec91c6fe1c49d,3
5f76f1d4597ec91c6fe1c4a6,3
5f76f1d4597ec91c6fe1c4a8,3
5f76f1d4597ec91c6fe1c49e,3
5f76f1d4597ec91c6fe1c47e,3
5f76f1d4597ec91c6fe1c499,2
5f76f1d4597ec91c6fe1c48e,2
5f76f1d4597ec91c6fe1c496,2
5f76f1d4597ec91c6fe1c47d,2
5f76f1d4597ec91c6fe1c480,2
5f76f1d4597ec91c6fe1c47c,1
5f76f1d4597ec91c6fe1c4aa,1
5f76f1d4597ec91c6fe1c489,1
5f76f1d4597ec91c6fe1c49c,1
5f76f1d4597ec91c6fe1c492,1
5f76f1d4597ec91c6fe1c4a3,1
5f76f1d4597ec91c6fe1c47f,1
5f76f1d4597ec91c6fe1c4a2,1
5f76f1d4597ec91c6fe1c48a,1
5f76f1d4597ec91c6fe1c4a5,1
5f76f1d4597ec91c6fe1c4ab,1
5f76f1d4597ec91c6fe1c49a,1
5f76f1d4597ec91c6fe1c491,1
5f76f1d4597ec91c6fe1c48c,1
5f76f1d4597ec91c6fe1c493,1
5f76f1d4597ec91c6fe1c485,1
5f76f1d4597ec91c6fe1c4a4,1
5f76f1d4597ec91c6fe1c49f,1
5f76f1d4597ec91c6fe1c48d,1
